"shapeid","x","y"
"0","693207.129203","6095352.2713"
"0","693193.090267","6095346.25461"
"0","693233.702905","6095278.06549"
"0","693246.73906","6095284.58357"
"0","693207.129203","6095352.2713"
