"shapeid","x","y"
"0","692888.372198","6094063.62932"
"0","692836.344809","6094102.79601"
"0","692821.145797","6094082.92038"
"0","692805.946784","6094095.78108"
"0","692864.404525","6094157.74629"
"0","692899.479169","6094186.97516"
"0","692943.322474","6094222.0498"
"0","692955.014022","6094229.64931"
"0","692991.842398","6094203.34332"
"0","692888.372198","6094063.62932"
